City_ID,City,Latitude,Longitude,Max Temp,Humidity,Cloudiness,Wind Speed,Country,Date
0,Nevers,46.9896,3.159,32.11,42,0,3.09,FR,1662997748
1,Jamestown,42.097,-79.2353,21.21,72,100,3.6,US,1662997495
2,Rikitea,-23.1203,-134.9692,22.44,71,99,1.8,PF,1662997749
3,Plácido de Castro,-10.3353,-67.1856,37.22,31,33,2.03,BR,1662997749
4,Busselton,-33.65,115.3333,15.59,89,88,9.92,AU,1662997750
5,Guánica,17.9716,-66.908,32.38,73,8,5.36,PR,1662997750
6,Manaure,11.7751,-72.4445,30.5,63,69,2.94,CO,1662997751
7,Bredasdorp,-34.5322,20.0403,13.25,61,43,4.98,ZA,1662997751
8,Hermanus,-34.4187,19.2345,14.89,65,34,2.41,ZA,1662997752
9,Saskylakh,71.9167,114.0833,0.8,86,83,3.16,RU,1662997753
10,Ushuaia,-54.8,-68.3,6.81,57,0,2.57,AR,1662997590
11,Sungai Raya,0.7,108.9,26.02,84,100,0.82,ID,1662997753
12,Aksu,41.1231,80.2644,27.14,14,97,2.25,CN,1662997602
13,Kapaa,22.0752,-159.319,22.99,90,75,0.0,US,1662997754
14,Marrakesh,31.6315,-8.0083,30.04,39,75,3.09,MA,1662997754
15,Saint-Philippe,-21.3585,55.7679,20.77,72,45,4.23,RE,1662997755
16,Mataura,-46.1927,168.8643,9.15,98,99,2.23,NZ,1662997755
17,Soe,-9.8607,124.284,17.11,90,39,2.18,ID,1662997655
18,Port Hardy,50.6996,-127.4199,12.1,100,100,0.0,CA,1662997756
19,Sembabule,-0.0772,31.4567,23.57,57,94,3.43,UG,1662997613
20,Port Alfred,-33.5906,26.891,15.1,72,8,2.68,ZA,1662997531
21,Nānākuli,21.3906,-158.1547,25.06,86,0,2.06,US,1662997757
22,Cherat Cantonement,33.8233,71.8915,23.96,65,16,0.91,PK,1662997758
23,Hsinchu,24.8036,120.9686,28.25,89,100,1.34,TW,1662997510
24,Atuona,-9.8,-139.0333,24.44,79,59,9.01,PF,1662997758
25,Vaini,-21.2,-175.2,20.09,100,20,1.54,TO,1662997758
26,Provideniya,64.3833,-173.3,7.94,90,100,3.41,RU,1662997759
27,Tasiilaq,65.6145,-37.6368,14.09,54,28,3.74,GL,1662997759
28,East London,-33.0153,27.9116,16.52,63,0,8.23,ZA,1662997759
29,Hobart,-42.8794,147.3294,5.7,80,100,2.06,AU,1662997729
30,Velikiy Ustyug,60.7644,46.3106,8.67,81,52,2.16,RU,1662997760
31,Lebu,-37.6167,-73.65,11.89,63,76,3.06,CL,1662997519
32,Albany,42.6001,-73.9662,21.88,88,100,0.38,US,1662997760
33,Qaanaaq,77.484,-69.3632,3.02,98,100,3.12,GL,1662997762
34,San Cristobal,7.7669,-72.225,25.1,39,25,2.11,VE,1662997762
35,Bluff,-46.6,168.3333,9.33,69,100,8.96,NZ,1662997763
36,Fortuna,40.5982,-124.1573,14.96,92,92,2.35,US,1662997763
37,Berdigestyakh,62.0989,126.6992,4.23,87,39,2.36,RU,1662997764
38,Fukuechō,32.6881,128.8419,26.4,87,98,5.83,JP,1662997764
39,Yuli,9.6989,10.2744,29.13,69,64,3.25,NG,1662997765
40,Torbay,47.6666,-52.7314,17.09,97,100,6.17,CA,1662997765
41,Canutama,-6.5339,-64.3831,40.21,27,27,0.76,BR,1662997766
42,Punta Arenas,-53.15,-70.9167,8.06,53,0,8.75,CL,1662997766
43,Ola,59.5833,151.2833,7.07,73,31,2.28,RU,1662997767
44,Barrow,71.2906,-156.7887,1.01,100,100,9.26,US,1662997768
45,Xinyu,27.8043,114.9334,23.34,60,0,1.1,CN,1662997768
46,Guano,-1.5833,-78.6333,14.2,63,20,2.57,EC,1662997769
47,Witu,-2.3889,40.4382,25.09,82,73,5.19,KE,1662997770
48,Tourlaville,49.6383,-1.5664,22.68,68,0,4.63,FR,1662997770
49,Flinders,-34.5833,150.8552,11.32,85,100,3.91,AU,1662997551
50,Upernavik,72.7868,-56.1549,4.74,97,100,1.1,GL,1662997771
51,Severnyy,50.677,36.5532,13.02,94,75,4.0,RU,1662997549
52,Buin,-33.7333,-70.75,18.02,49,1,1.89,CL,1662997772
53,Setermoen,68.861,18.3486,11.35,75,73,2.68,NO,1662997773
54,Saint Paul Harbor,57.79,-152.4072,11.73,87,100,6.69,US,1662997602
55,Dubai,25.2582,55.3047,33.16,70,66,3.6,AE,1662997685
56,Mossamedes,-15.1961,12.1522,18.71,82,45,4.97,AO,1662997774
57,Inírida,3.8653,-67.9239,24.61,96,97,1.0,CO,1662997774
58,Bow Island,49.8668,-111.3684,14.86,62,70,3.09,CA,1662997774
59,Ol'ga,43.7444,135.2892,16.2,93,40,1.68,RU,1662997775
60,Tibú,8.639,-72.7358,33.61,47,60,1.3,CO,1662997775
61,Puerto Ayora,-0.7393,-90.3518,20.98,91,100,1.79,EC,1662997775
62,Norman Wells,65.282,-126.8329,3.02,100,75,1.54,CA,1662997776
63,Soroti,1.7146,33.6111,23.58,68,97,2.32,UG,1662997540
64,Hofn,64.2539,-15.2082,11.01,87,75,3.09,IS,1662997777
65,Cayenne,4.9333,-52.3333,32.02,55,75,4.63,GF,1662997777
66,Hilo,19.7297,-155.09,22.93,73,0,3.09,US,1662997777
67,Coventry,52.4066,-1.5122,23.48,75,20,2.06,GB,1662997500
68,Bethel,41.3712,-73.414,22.51,83,100,0.0,US,1662997778
69,Ilulissat,69.2167,-51.1,8.01,87,100,3.6,GL,1662997779
70,Lagoa,39.05,-27.9833,21.89,78,59,4.99,PT,1662997779
71,Dikson,73.5069,80.5464,3.45,68,100,10.25,RU,1662997780
72,Luanda,-8.8368,13.2343,24.0,78,0,2.57,AO,1662997781
73,Pevek,69.7008,170.3133,2.05,93,48,2.5,RU,1662997781
74,Luang Prabang,19.8856,102.1347,22.79,99,99,0.37,LA,1662997782
75,Saquarema,-22.92,-42.5103,23.08,70,86,6.5,BR,1662997783
76,Carauari,-4.8828,-66.8958,37.13,36,39,0.58,BR,1662997615
77,Salina,38.8403,-97.6114,24.45,45,0,6.17,US,1662997784
78,Broome,42.2506,-75.833,21.78,93,89,0.45,US,1662997784
79,Port Lincoln,-34.7333,135.8667,11.59,82,5,5.93,AU,1662997785
80,Anadyr,64.75,177.4833,4.28,93,40,3.0,RU,1662997500
81,Christchurch,-43.5333,172.6333,8.84,87,42,2.06,NZ,1662997785
82,Esperance,-33.8667,121.9,17.91,75,60,4.95,AU,1662997785
83,Águilas,37.4063,-1.5829,30.45,53,81,2.67,ES,1662997786
84,Bytosh',53.8186,34.0912,8.88,91,100,4.01,RU,1662997787
85,Castro,-24.7911,-50.0119,16.82,85,100,2.47,BR,1662997701
86,Rieti,42.4072,12.8592,29.34,28,0,3.09,IT,1662997787
87,Port Moresby,-9.4431,147.1797,23.68,94,40,2.57,PG,1662997788
88,Yar-Sale,66.8333,70.8333,6.19,90,100,4.18,RU,1662997788
89,Dryden,49.7833,-92.7503,17.16,67,0,2.57,CA,1662997789
90,Thinadhoo,0.5333,72.9333,28.07,72,6,4.65,MV,1662997789
91,Cape Town,-33.9258,18.4232,16.26,53,0,6.69,ZA,1662997789
92,Pong,19.1493,100.2752,22.29,99,99,0.9,TH,1662997790
93,Leningradskiy,69.3833,178.4167,1.78,85,85,2.93,RU,1662997790
94,Narsaq,60.9167,-46.05,9.12,68,92,2.15,GL,1662997791
95,Bilibino,68.0546,166.4372,5.33,94,100,1.67,RU,1662997791
96,Kayerkan,69.3497,87.7602,1.96,100,97,3.25,RU,1662997792
97,Corn Island,12.1694,-83.0418,28.21,77,61,5.86,NI,1662997792
98,Kolda,12.8833,-14.95,27.24,88,97,2.51,SN,1662997792
99,Tiksi,71.6872,128.8694,0.87,80,44,2.38,RU,1662997793
100,Cabo San Lucas,22.8909,-109.9124,30.28,74,0,0.0,MX,1662997793
101,Road Town,18.4167,-64.6167,30.02,79,40,4.12,VG,1662997794
102,Pemangkat,1.1667,108.9667,26.33,83,100,2.52,ID,1662997580
103,Emba,48.8264,58.1442,16.32,35,100,0.83,KZ,1662997561
104,Prince Rupert,54.3161,-130.3201,11.83,93,20,4.63,CA,1662997795
105,Avarua,-21.2078,-159.775,23.03,83,75,4.12,CK,1662997795
106,Thompson,55.7435,-97.8558,10.09,76,75,4.12,CA,1662997796
107,Zarand,30.8127,56.564,25.75,19,13,4.89,IR,1662997513
108,Vostok,46.4856,135.8833,13.04,95,69,2.16,RU,1662997796
109,Esso,55.9333,158.7,3.77,81,80,1.9,RU,1662997797
110,Tuktoyaktuk,69.4541,-133.0374,3.0,93,100,5.66,CA,1662997797
111,São Filipe,14.8961,-24.4956,26.87,75,70,4.76,CV,1662997601
112,Marabu,4.4148,114.0089,27.08,89,40,1.54,MY,1662997660
113,Aurangabad,19.8833,75.3333,25.05,88,75,2.06,IN,1662997798
114,Bandarbeyla,9.4942,50.8122,25.4,83,92,13.32,SO,1662997799
115,New Norfolk,-42.7826,147.0587,5.51,83,23,1.4,AU,1662997799
116,Tuatapere,-46.1333,167.6833,5.55,90,99,2.54,NZ,1662997799
117,Mar del Plata,-38.0023,-57.5575,16.64,73,0,5.36,AR,1662997800
118,Te Anau,-45.4167,167.7167,4.31,92,88,1.75,NZ,1662997800
119,Lima,-12.0432,-77.0282,18.83,73,100,2.57,PE,1662997606
120,Amga,60.8953,131.9608,7.38,66,100,2.14,RU,1662997801
121,Kimitsu,35.3253,139.8911,24.69,89,98,4.5,JP,1662997802
122,Laas,46.6166,10.7002,20.76,41,72,0.7,IT,1662997803
123,Lebyazh'ye,55.2689,66.4947,9.79,58,73,0.82,RU,1662997804
124,Butaritari,3.0707,172.7902,27.41,75,27,4.21,KI,1662997805
125,Nishihara,26.1842,127.7558,28.03,86,40,5.66,JP,1662997806
126,Solnechnyy,50.7214,136.6319,6.17,97,100,4.21,RU,1662997807
127,Ponta do Sol,32.6667,-17.1,27.23,75,97,6.61,PT,1662997807
128,Matara,5.9485,80.5353,24.84,91,66,3.31,LK,1662997707
129,Ancud,-41.8697,-73.8203,10.13,70,100,1.77,CL,1662997808
130,Gondanglegi,-7.7479,112.0132,24.24,85,35,3.78,ID,1662997808
131,Jinka,5.65,36.65,21.59,62,94,0.72,ET,1662997809
132,Rome,43.2128,-75.4557,22.59,87,100,0.45,US,1662997513
133,Türkan,40.3639,50.215,24.1,64,0,6.17,AZ,1662997810
134,Arrondissement de Mayenne,48.3333,-0.6667,28.69,33,70,3.73,FR,1662997810
135,Katangli,51.7102,143.2326,11.29,95,98,1.97,RU,1662997811
136,Vardø,70.3705,31.1107,5.99,93,75,6.17,NO,1662997812
137,Paracuru,-3.41,-39.0306,30.34,55,45,7.83,BR,1662997812
138,Listvyanka,51.8535,104.8693,13.44,79,91,6.01,RU,1662997813
139,Clyde River,70.4692,-68.5914,4.13,93,100,3.6,CA,1662997814
140,Miyako,39.6367,141.9525,19.26,91,85,2.27,JP,1662997553
141,Faanui,-16.4833,-151.75,25.98,70,100,7.79,PF,1662997815
142,Srivilliputtur,9.5081,77.6336,27.27,63,8,4.07,IN,1662997816
143,Chui,-33.6971,-53.4616,16.48,70,86,4.47,UY,1662997594
144,Praia da Vitória,38.7333,-27.0667,24.14,78,20,7.04,PT,1662997816
145,Alta Floresta,-9.8756,-56.0861,34.9,43,29,3.6,BR,1662997816
146,Poum,-20.2333,164.0167,24.56,78,99,4.56,NC,1662997817
147,San Felipe,10.3399,-68.7425,30.57,62,37,1.16,VE,1662997522
148,Rānāvāv,21.6842,69.7408,27.0,87,100,6.39,IN,1662997817
149,Hasaki,35.7333,140.8333,21.27,92,72,5.35,JP,1662997588
150,Baryshivka,50.361,31.3217,11.49,89,98,2.8,UA,1662997818
151,Suntar,62.1444,117.6319,7.3,79,100,2.31,RU,1662997819
152,Lovozero,68.005,35.0117,7.73,88,63,3.22,RU,1662997819
153,Carnarvon,-24.8667,113.6333,20.41,78,9,8.13,AU,1662997820
154,Sarangani,5.4033,125.4636,28.58,73,69,4.26,PH,1662997820
155,Half Moon Bay,37.4636,-122.4286,20.34,82,100,3.6,US,1662997821
156,Sibolga,1.7427,98.7792,25.03,85,95,1.5,ID,1662997821
157,Korla,41.7597,86.1469,24.87,26,84,7.27,CN,1662997822
158,Nova Olímpia,-14.7972,-57.2881,41.58,12,48,1.33,BR,1662997822
159,Kostomuksha,64.571,30.5767,10.12,72,100,2.48,RU,1662997603
160,Arraial do Cabo,-22.9661,-42.0278,22.98,64,100,6.17,BR,1662997823
161,Mount Gambier,-37.8333,140.7667,3.75,84,8,0.97,AU,1662997823
162,Berlevåg,70.8578,29.0864,5.97,75,75,3.09,NO,1662997823
163,Atar,20.5169,-13.0499,39.97,20,27,4.01,MR,1662997823
164,Adrar,20.5022,-10.0711,39.19,16,98,2.85,MR,1662997824
165,Kavieng,-2.5744,150.7967,27.36,73,8,6.52,PG,1662997824
166,Puerto Carreño,6.189,-67.4859,26.99,83,40,2.06,CO,1662997824
167,Brigantine,39.4101,-74.3646,27.79,83,100,0.0,US,1662997825
168,Katsuura,35.1333,140.3,25.01,91,82,5.88,JP,1662997543
169,Kaitangata,-46.2817,169.8464,6.11,92,71,4.61,NZ,1662997825
170,Riyadh,24.6877,46.7219,40.08,9,53,3.47,SA,1662997825
171,Longkou,37.6508,120.3286,21.05,82,1,2.63,CN,1662997826
172,Sechura,-5.5569,-80.8222,22.3,60,71,5.22,PE,1662997826
173,Tautira,-17.7333,-149.15,25.79,71,100,9.47,PF,1662997826
174,Wahiawā,21.5028,-158.0236,23.26,83,40,2.06,US,1662997827
175,Tūkrah,32.5341,20.5791,27.06,69,0,4.69,LY,1662997722
176,Smithers,54.7804,-127.1743,1.18,100,40,0.0,CA,1662997827
177,Aklavik,68.2191,-135.0107,4.0,100,100,0.0,CA,1662997828
178,Bubaque,11.2833,-15.8333,26.52,81,85,7.47,GW,1662997828
179,Winneba,5.3511,-0.6231,25.25,79,100,5.41,GH,1662997828
180,Lompoc,34.6391,-120.4579,24.76,88,40,0.45,US,1662997829
181,Vao,-22.6667,167.4833,22.75,83,91,6.18,NC,1662997829
182,Ribeira Grande,38.5167,-28.7,25.22,78,40,5.14,PT,1662997829
183,Coquimbo,-29.9533,-71.3436,14.85,62,0,3.6,CL,1662997829
184,Lavrentiya,65.5833,-171.0,6.68,99,100,3.12,RU,1662997830
185,Svetlaya,46.5389,138.3297,14.99,77,24,2.47,RU,1662997830
186,George Town,5.4112,100.3354,27.96,87,20,1.54,MY,1662997701
187,Johannesburg,-26.2023,28.0436,25.42,24,56,2.24,ZA,1662997678
188,Thayetmyo,19.3167,95.1833,23.36,90,98,1.91,MM,1662997831
189,Inta,66.0317,60.1659,8.04,91,100,6.61,RU,1662997831
190,Dukat,62.55,155.55,1.55,98,100,1.36,RU,1662997831
191,Severo-Kuril'sk,50.6789,156.125,11.76,76,100,1.51,RU,1662997832
192,Domoni,-12.2569,44.5319,24.18,74,84,0.52,KM,1662997832
193,Tam Ky,15.5667,108.4833,25.03,87,27,1.69,VN,1662997833
194,Lincoln,40.8,-96.667,23.64,51,0,1.79,US,1662997833
195,Biscarrosse,44.3945,-1.1672,37.97,19,0,3.6,FR,1662997833
196,Araouane,18.9048,-3.5265,41.0,13,94,3.09,ML,1662997834
197,Chibuto,-24.6867,33.5306,20.83,79,82,5.98,MZ,1662997834
198,Maţāy,28.419,30.7792,34.38,23,0,4.14,EG,1662997835
199,Cidreira,-30.1811,-50.2056,16.28,78,96,5.36,BR,1662997835
200,La Fria,8.2203,-72.2439,30.06,50,62,2.5,VE,1662997540
201,Evensk,61.95,159.2333,7.43,69,82,3.65,RU,1662997835
202,Kālna,23.2167,88.3667,24.59,97,100,5.27,IN,1662997836
203,Antofagasta,-23.65,-70.4,14.6,68,43,5.21,CL,1662997836
204,Mthatha,-31.5889,28.7844,13.31,76,40,5.14,ZA,1662997836
205,Kargil,34.5667,76.1,13.87,42,19,3.66,IN,1662997725
206,Impfondo,1.6381,18.0667,25.52,79,83,1.48,CG,1662997737
207,Krasnosel'kup,65.7,82.4667,4.69,80,100,3.95,RU,1662997837
208,Antigonish,45.6169,-61.9986,23.79,71,100,2.24,CA,1662997837
209,Ampanihy,-24.7,44.75,20.46,70,0,4.52,MG,1662997838
210,Teahupoo,-17.8333,-149.2667,20.98,73,90,9.45,PF,1662997838
211,Talnakh,69.4865,88.3972,2.34,95,100,1.66,RU,1662997737
212,Kupang,-10.1667,123.5833,24.48,81,10,3.8,ID,1662997838
213,Lata,40.1629,-8.3327,25.83,56,99,4.98,PT,1662997839
214,Aripuanã,-9.1667,-60.6333,40.18,21,48,0.95,BR,1662997839
215,Rocha,-34.4833,-54.3333,15.21,69,100,3.4,UY,1662997840
216,Dunedin,-45.8742,170.5036,8.22,81,39,0.89,NZ,1662997833
217,Barranca,-10.75,-77.7667,17.42,72,87,4.79,PE,1662997841
218,Chapaevsk,52.9813,49.7112,12.78,49,97,2.94,RU,1662997841
219,Vila Velha,-20.3297,-40.2925,24.97,75,75,4.12,BR,1662997842
220,Kiryat Gat,31.61,34.7642,28.55,100,0,3.53,IL,1662997843
221,Sangar,63.9242,127.4739,4.48,96,100,6.06,RU,1662997843
222,Constitución,-35.3333,-72.4167,13.08,63,26,1.77,CL,1662997844
223,Meulaboh,4.1363,96.1285,25.48,84,84,2.05,ID,1662997845
224,Itoman,26.1247,127.6694,28.43,87,20,5.66,JP,1662997845
225,Yomou,7.5603,-9.2653,26.96,70,86,1.23,GN,1662997845
226,Byron Bay,-28.65,153.6167,14.98,86,75,5.17,AU,1662997739
227,San Patricio,28.017,-97.5169,29.92,58,43,3.47,US,1662997846
228,Inhambane,-23.865,35.3833,24.99,78,40,6.17,MZ,1662997683
229,Hambantota,6.1241,81.1185,28.19,74,20,4.63,LK,1662997657
230,Khatanga,71.9667,102.5,1.44,70,25,3.43,RU,1662997846
231,Guerrero Negro,27.9769,-114.0611,24.41,74,0,3.55,MX,1662997847
232,Sines Municipality,37.9562,-8.8698,21.83,85,98,10.08,PT,1662997847
233,Hammerfest,70.6634,23.6821,6.25,61,20,1.54,NO,1662997848
234,Port Elizabeth,-33.918,25.5701,15.61,64,20,8.75,ZA,1662997676
235,Bodden Town,19.2833,-81.25,31.67,70,75,3.6,KY,1662997850
236,Sukagawa,37.2833,140.3833,20.37,97,86,0.53,JP,1662997851
237,Zhangye,38.9342,100.4517,23.28,31,38,5.5,CN,1662997851
238,Bedēsa,8.9,40.7833,20.27,68,100,2.36,ET,1662997623
239,Hirara,24.8,125.2833,26.47,87,100,17.77,JP,1662997852
240,Longyearbyen,78.2186,15.6401,2.91,70,75,1.54,SJ,1662997741
241,Cockburn Town,21.4612,-71.1419,28.45,74,15,4.14,TC,1662997853
242,Golden,39.7555,-105.2211,25.83,32,0,0.45,US,1662997853
243,Kyra,49.5776,111.9753,11.23,79,6,1.65,RU,1662997854
244,Hong Kong,22.2855,114.1577,31.21,60,2,2.68,HK,1662997677
245,Itapaci,-14.9508,-49.5494,37.42,12,21,2.94,BR,1662997854
246,Kibala,9.1104,18.3463,23.26,93,100,2.45,TD,1662997855
247,Saldanha,-33.0117,17.9442,16.03,71,0,8.93,ZA,1662997855
248,Batagay,67.6333,134.6333,0.03,93,54,2.89,RU,1662997856
249,Faya,18.3851,42.4509,27.06,33,100,2.23,SA,1662997857
250,Mastic Beach,40.7668,-72.8521,23.95,91,100,3.09,US,1662997857
251,Los Llanos de Aridane,28.6585,-17.9182,24.86,84,20,4.47,ES,1662997857
252,Horadiz,39.4488,47.3353,25.43,53,0,3.55,AZ,1662997858
253,Karoi,-16.8099,29.6925,24.63,17,0,1.55,ZW,1662997752
254,Paamiut,61.994,-49.6678,5.45,94,71,2.99,GL,1662997859
255,Ha Tinh,18.3333,105.9,25.27,87,3,1.36,VN,1662997817
256,Kafue,-15.7691,28.1814,26.98,19,1,2.94,ZM,1662997859
257,Umm Kaddadah,13.6017,26.6876,35.03,27,61,3.36,SD,1662997860
258,Vila,42.0304,-8.1588,19.28,70,98,2.55,PT,1662997860
259,Peterhead,57.5058,-1.7981,16.92,69,71,8.27,GB,1662997864
260,Nueve de Julio,-35.4444,-60.8831,19.42,31,1,1.79,AR,1662997867
261,Fare,-16.7,-151.0167,25.95,72,93,8.3,PF,1662997867
262,Arica,-18.475,-70.3042,16.13,72,100,3.09,CL,1662997867
263,Yellowknife,62.456,-114.3525,6.29,70,40,3.6,CA,1662997868
264,Belen,36.4891,36.2233,20.5,84,0,3.14,TR,1662997869
265,Bambanglipuro,-7.95,110.2833,24.38,91,60,2.59,ID,1662997870
266,Skagen,57.7209,10.5839,16.84,80,100,9.92,DK,1662997871
267,Safi,32.2994,-9.2372,22.03,86,100,7.6,MA,1662997871
268,Līsakovsk,52.5369,62.4936,11.11,58,100,1.37,KZ,1662997872
269,Port Keats,-14.25,129.55,25.6,79,74,1.83,AU,1662997872
270,Nantucket,41.2835,-70.0995,21.08,46,100,6.9,US,1662997873
271,Hay River,60.8156,-115.7999,4.99,81,40,1.54,CA,1662997874
272,Jensen Beach,27.2545,-80.2298,33.35,65,92,2.24,US,1662997668
273,Bakau,13.4781,-16.6819,27.94,74,54,4.21,GM,1662997875
274,Nouadhibou,20.931,-17.0347,23.02,85,33,9.95,MR,1662997875
275,Belmonte,-15.8631,-38.8828,25.67,50,36,2.42,BR,1662997876
276,Diego de Almagro,-26.3667,-70.05,20.58,16,0,4.21,CL,1662997876
277,Matamoros,25.5333,-103.25,24.5,53,0,3.47,MX,1662997878
278,Hithadhoo,-0.6,73.0833,28.12,71,2,4.64,MV,1662997878
279,Mayskiy,47.6931,40.1025,21.67,65,84,6.9,RU,1662997879
280,Elko,41.0002,-115.5012,13.01,24,95,1.31,US,1662997880
281,Tairua,-37.0167,175.85,12.62,81,23,6.66,NZ,1662997881
282,Simao,22.7886,100.9748,17.19,98,94,0.95,CN,1662997881
283,Kidal,18.4411,1.4078,40.49,8,74,4.11,ML,1662997883
284,Luwuk,-0.9516,122.7875,24.49,90,33,2.2,ID,1662997883
285,Saint Anthony,45.0205,-93.218,21.05,60,0,3.09,US,1662997884
286,Nikolskoye,59.7035,30.7861,14.94,71,86,1.59,RU,1662997885
287,Nsanje,-16.92,35.262,31.55,23,11,2.1,MW,1662997724
288,Bulgan,48.8125,103.5347,16.19,62,75,1.94,MN,1662997885
289,Hamilton,39.1834,-84.5333,20.89,68,40,4.63,US,1662997886
290,Qingdao,36.0986,120.3719,21.78,88,0,2.0,CN,1662997770
291,Salalah,17.0151,54.0924,26.44,89,77,2.86,OM,1662997886
292,Mariental,-24.6333,17.9667,23.93,12,22,7.29,NA,1662997888
293,Olafsvik,64.8945,-23.7142,10.07,88,86,7.0,IS,1662997888
294,Rumoi,43.9344,141.6428,18.55,88,100,2.86,JP,1662997738
295,Karratha,-20.7377,116.8463,21.42,67,0,3.46,AU,1662997889
296,Pedro Juan Caballero,-22.5472,-55.7333,22.98,68,75,2.06,PY,1662997889
297,Omsukchan,62.5333,155.8,2.51,98,100,2.1,RU,1662997890
298,Msanga,-6.05,36.0333,24.24,46,59,5.56,TZ,1662997890
299,Ketchikan,55.3422,-131.6461,11.26,87,0,2.57,US,1662997890
300,Kirovskiy,45.0917,133.5136,15.75,96,74,2.3,RU,1662997890
301,Örnsköldsvik,63.2909,18.7153,13.53,76,75,3.09,SE,1662997893
302,Pachelma,53.2443,43.3521,13.66,45,98,4.25,RU,1662997893
303,Mehamn,71.0357,27.8492,5.95,81,75,3.09,NO,1662997893
304,Povenets,62.8487,34.8262,12.73,66,100,2.95,RU,1662997894
305,Bemidji,47.4736,-94.8803,20.87,52,0,4.12,US,1662997894
306,Margate,51.3813,1.3862,24.93,67,92,1.34,GB,1662997895
307,Tateyama,34.9833,139.8667,24.96,83,75,2.57,JP,1662997633
308,Ambon City,-3.6954,128.1814,25.69,15,40,3.09,ID,1662997821
309,Bengkulu,-3.8004,102.2655,25.03,84,87,0.44,ID,1662997818
310,Foumban,5.7291,10.9001,20.51,86,89,1.68,CM,1662997618
311,Amahai,-3.3333,128.9167,24.9,88,59,1.63,ID,1662997897
312,Cascais,38.6979,-9.4215,22.64,88,75,12.96,PT,1662997897
313,Coyhaique,-45.5752,-72.0662,9.34,76,75,2.06,CL,1662997899
314,Samarai,-10.6167,150.6667,26.52,82,13,3.43,PG,1662997899
315,Barabinsk,55.3571,78.357,4.96,59,43,2.19,RU,1662997899
316,Namatanai,-3.6667,152.4333,25.22,74,39,3.31,PG,1662997901
317,Tonj,7.2737,28.6822,23.72,90,79,2.29,SS,1662997740
318,Jasper,37.2001,-94.3502,23.89,49,0,0.89,US,1662997902
319,Jaciara,-15.9653,-54.9683,38.49,13,14,2.17,BR,1662997903
320,Marsá Maţrūḩ,31.3525,27.2453,28.11,69,40,7.72,EG,1662997904
321,Ternate,0.8,127.4,26.64,80,98,1.45,ID,1662997904
322,Três Lagoas,-20.7511,-51.6783,36.13,23,12,2.26,BR,1662997905
323,Chumikan,54.7183,135.315,7.16,89,100,2.23,RU,1662997906
324,Progreso,21.2833,-89.6667,28.06,63,100,2.09,MX,1662997906
325,Sungai Penuh,-2.0833,101.3833,18.75,97,97,0.33,ID,1662997906
326,Homer,59.6425,-151.5483,11.56,82,100,2.68,US,1662997907
327,Pucara,-15.9803,-71.4606,6.07,12,53,4.01,PE,1662997908
328,La Ronge,55.1001,-105.2842,13.14,44,20,3.6,CA,1662997910
329,Avera,33.194,-82.5271,28.08,61,2,2.7,US,1662997910
330,Walvis Bay,-22.9575,14.5053,18.53,59,0,3.6,NA,1662997726
331,Aitape,-3.1374,142.3475,25.06,89,92,3.27,PG,1662997912
332,Helena,46.5927,-112.0361,15.55,41,0,1.54,US,1662997912
333,Poronaysk,49.2167,143.1167,13.37,93,100,0.89,RU,1662997913
334,Sulangan,11.1373,123.7228,29.04,73,34,3.36,PH,1662997913
335,Safakulevo,54.9901,62.5442,9.2,74,100,0.5,RU,1662997913
336,Yeppoon,-23.1333,150.7333,15.88,80,26,1.91,AU,1662997913
337,Caravelas,-17.7125,-39.2481,26.7,48,6,3.7,BR,1662997914
338,Tiznit Province,29.5833,-9.5,28.68,40,100,4.06,MA,1662997915
339,Caluquembe,-13.7833,14.6833,29.11,12,36,2.77,AO,1662997916
340,Kruisfontein,-34.0033,24.7314,14.38,67,0,6.53,ZA,1662997739
341,Botshabelo,-29.2702,26.7052,20.65,16,46,4.35,ZA,1662997917
342,Shunde,22.8504,113.247,31.12,48,5,1.29,CN,1662997917
343,Mahibadhoo,3.7833,72.9667,27.25,79,14,3.24,MV,1662997918
344,Portobelo,9.55,-79.65,29.98,72,87,1.52,PA,1662997918
345,Santa Maria,-29.6842,-53.8069,17.61,68,0,2.57,BR,1662997919
346,Ballinrobe,53.6333,-9.2333,16.34,69,92,5.31,IE,1662997919
347,Klaksvík,62.2266,-6.589,11.51,97,84,7.67,FO,1662997920
348,Petropavlovsk-Kamchatskiy,53.0452,158.6483,8.33,76,0,3.0,RU,1662997760
349,Gwanda,-20.9333,29.0,27.22,16,0,7.35,ZW,1662997920
350,Indiana,40.0003,-86.2503,19.32,71,100,3.6,US,1662997921
351,Chokurdakh,70.6333,147.9167,3.52,93,100,3.93,RU,1662997921
352,Ciudad Guayana,8.3533,-62.6528,33.48,42,73,2.07,VE,1662997922
353,Nyurba,63.2842,118.3319,6.46,82,100,2.04,RU,1662997922
354,Gilbués,-9.8317,-45.3439,37.31,13,39,2.99,BR,1662997922
355,Singuilucan,19.9667,-98.5167,14.47,54,13,3.21,MX,1662997923
356,Pahrump,36.2083,-115.9839,24.69,60,50,2.24,US,1662997923
357,Kieta,-6.2167,155.6333,26.11,78,86,2.52,PG,1662997923
358,Codrington,-38.2667,141.9667,7.07,75,71,1.26,AU,1662997924
359,Maraã,-1.8333,-65.3667,34.83,44,77,0.9,BR,1662997924
360,Egvekinot,66.3167,-179.1667,2.15,93,100,6.24,RU,1662997924
361,Williston,48.147,-103.618,22.41,22,26,3.66,US,1662997925
362,Mahébourg,-20.4081,57.7,22.16,73,75,2.57,MU,1662997926
363,Obo,5.3998,26.4869,21.54,91,98,1.59,CF,1662997927
364,Kaeo,-35.1,173.7833,9.07,94,100,3.0,NZ,1662997927
365,Redmond,47.674,-122.1215,18.25,82,96,1.79,US,1662997928
366,Port Shepstone,-30.7414,30.455,16.66,79,100,2.91,ZA,1662997676
367,Kavaratti,10.5669,72.642,27.07,84,100,5.9,IN,1662997928
368,Ugoofaaru,5.6667,73.0,27.05,80,36,3.9,MV,1662997929
369,Adolfo López Mateos,28.4667,-107.3,18.61,59,61,3.07,MX,1662997929
370,Sambava,-14.2667,50.1667,21.44,86,35,5.12,MG,1662997683
371,Harper,4.375,-7.7169,25.34,78,97,3.94,LR,1662997931
372,São Félix do Xingu,-6.6447,-51.995,39.94,15,65,2.19,BR,1662997931
373,Javānrūd,34.7961,46.5172,24.67,14,0,3.56,IR,1662997931
374,Kindu,-2.95,25.95,26.25,72,76,0.68,CD,1662997932
375,Airai,-8.9266,125.4092,14.6,64,74,1.07,TL,1662997932
376,Novosokol'niki,56.3463,30.1578,8.7,98,100,2.4,RU,1662997933
377,Khovd,48.0056,91.6419,12.79,22,86,2.78,MN,1662997933
378,Surgāna,20.5667,73.6167,22.67,97,100,1.31,IN,1662997934
379,Tura,25.5198,90.2201,22.05,98,100,2.18,IN,1662997936
380,Kysyl-Syr,63.8986,122.7617,4.46,91,55,2.32,RU,1662997936
381,Vangaindrano,-23.35,47.6,20.93,79,0,5.05,MG,1662997937
382,Iqaluit,63.7506,-68.5145,7.85,75,75,8.75,CA,1662997937
383,Manacapuru,-3.2997,-60.6206,34.96,37,38,0.3,BR,1662997937
384,Sørland,67.667,12.6934,10.92,83,100,5.52,NO,1662997938
385,Kostanay,53.1667,63.5833,11.16,66,75,1.0,KZ,1662997938
386,Bambous Virieux,-20.3428,57.7575,22.14,73,75,2.57,MU,1662997939
387,Bealanana,-14.55,48.7333,14.45,81,65,1.54,MG,1662997723
388,San Quintín,30.4833,-115.95,23.03,82,65,1.2,MX,1662997939
389,Sorochinsk,52.4338,53.1583,12.32,50,99,1.79,RU,1662997941
390,Pointe Michel,15.25,-61.3833,34.52,52,20,1.03,DM,1662997941
391,Jalu,29.0331,21.5482,35.69,24,0,6.85,LY,1662997941
392,Lorengau,-2.0226,147.2712,27.39,74,97,5.0,PG,1662997942
393,Kaili,-3.4626,120.2147,19.34,94,97,1.2,ID,1662997942
394,Port Hedland,-20.3167,118.5667,20.03,77,0,4.12,AU,1662997942
395,Nome,64.5011,-165.4064,10.04,87,75,5.14,US,1662997944
396,Eshowe,-28.8865,31.4699,13.04,90,100,2.4,ZA,1662997944
397,Nanortalik,60.1432,-45.2371,7.38,85,15,4.63,GL,1662997944
398,Bereda,43.2686,-7.5406,25.23,60,100,2.09,ES,1662997944
399,Seymchan,62.8833,152.4333,4.2,97,100,3.34,RU,1662997945
400,Durango,24.8333,-104.8333,18.87,57,4,1.83,MX,1662997946
401,Polson,47.6936,-114.1632,19.03,35,98,1.26,US,1662997947
402,Nakamura,32.9833,132.9333,24.5,91,97,2.12,JP,1662997876
403,Nuuk,64.1835,-51.7216,5.49,100,95,4.92,GL,1662997948
404,Indianola,41.3581,-93.5574,21.27,54,8,4.57,US,1662997948
405,Djenné,13.9061,-4.5533,34.55,40,77,0.84,ML,1662997949
406,Les Cayes,18.2,-73.75,30.67,62,100,4.1,HT,1662997950
407,Esim,4.8699,-2.2405,25.13,76,87,4.9,GH,1662997950
408,Dalbandin,28.8947,64.4101,32.06,11,8,3.55,PK,1662997950
409,Scarborough,54.2797,-0.4044,19.76,88,100,3.13,GB,1662997951
410,Along,28.1667,94.7667,22.93,98,37,0.23,IN,1662997951
411,Cherskiy,68.75,161.3,4.21,87,100,2.28,RU,1662997952
412,Kouqian,43.6391,126.4578,16.82,92,1,0.75,CN,1662997954
413,Anzhero-Sudzhensk,56.081,86.0285,1.56,93,47,1.36,RU,1662997781
414,Atikokan,48.7555,-91.6216,20.04,35,1,1.93,CA,1662997955
415,Kurtamysh,54.9103,64.4319,10.24,69,95,2.36,RU,1662997955
416,Srednekolymsk,67.45,153.6833,2.32,98,100,4.09,RU,1662997955
417,Manzanillo,20.3433,-77.1167,32.88,51,99,3.33,CU,1662997957
418,Niamey,13.5137,2.1098,31.16,58,0,1.03,NE,1662997958
419,Cho Dok,10.7,105.1167,26.05,87,99,2.08,VN,1662997958
420,Pauini,-7.7136,-66.9764,37.96,31,9,1.25,BR,1662997959
421,Assiut,27.181,31.1837,35.1,21,4,4.65,EG,1662997960
422,Beaufort,5.3473,115.7455,23.93,95,95,1.11,MY,1662997961
423,San Juan,-31.5375,-68.5364,20.31,15,0,4.75,AR,1662997961
424,Oodweyne,9.4092,45.064,28.76,37,100,5.81,SO,1662997962
425,Isla Vista,34.4133,-119.861,27.13,75,40,1.54,US,1662997962
426,Natitingou,10.3042,1.3796,20.99,98,100,1.71,BJ,1662997963
427,Bathsheba,13.2167,-59.5167,31.34,70,75,7.72,BB,1662997963
428,Dhidhdhoo,6.8833,73.1,27.03,83,4,3.91,MV,1662997920
429,Terrace Bay,48.7834,-87.1,16.72,56,91,1.14,CA,1662997964
430,Kampong Thom,12.7111,104.8887,25.64,87,100,1.39,KH,1662997964
431,Wrocław,51.1,17.0333,18.79,68,20,3.09,PL,1662997816
432,Barcelos,41.5388,-8.6151,24.95,94,100,1.71,PT,1662997965
433,High Rock,26.6208,-78.2833,32.01,67,10,1.63,BS,1662997965
434,Amarante do Maranhão,-5.5667,-46.7422,38.16,21,77,2.58,BR,1662997966
435,Bojnourd,37.4747,57.329,22.97,18,0,0.0,IR,1662997966
436,Biak,-0.9131,122.8766,23.89,88,40,3.02,ID,1662997966
437,Fort Nelson,58.8053,-122.7002,3.77,87,75,1.03,CA,1662997967
438,Cartagena,10.3997,-75.5144,28.79,79,75,1.54,CO,1662997967
439,Panalingaan,8.7842,117.4231,26.41,82,67,1.06,PH,1662997967
440,Kahului,20.8947,-156.47,26.02,73,0,3.58,US,1662997968
441,Oussouye,12.485,-16.5469,29.33,67,72,5.21,SN,1662997969
442,Kudahuvadhoo,2.6708,72.8944,27.79,73,24,4.31,MV,1662997970
443,Colares,38.7992,-9.4469,22.55,87,75,12.96,PT,1662997970
444,Juliaca,-15.5,-70.1333,12.99,18,0,2.06,PE,1662997971
445,Serenje,-13.2325,30.2352,24.23,24,8,4.54,ZM,1662997972
446,Kununurra,-15.7667,128.7333,25.99,61,100,0.51,AU,1662997973
447,Ukiah,39.1502,-123.2078,25.24,71,0,0.0,US,1662997973
448,Isangel,-19.55,169.2667,23.3,83,10,3.82,VU,1662997974
449,La Santisima Trinidad,-14.8333,-64.9,29.99,54,65,3.09,BO,1662997975
450,Trofors,65.5333,13.4063,12.93,66,100,0.65,NO,1662997975
451,Lüderitz,-26.6481,15.1594,21.88,38,46,13.19,NA,1662997726
452,Rørvik,64.8621,11.2373,14.99,67,20,3.09,NO,1662997975
453,Tilichiki,60.4667,166.1,5.23,88,48,1.79,RU,1662997977
454,Tabriz,38.08,46.2919,25.7,22,20,0.0,IR,1662997977
455,Sola,-13.8833,167.55,26.43,77,86,8.37,VU,1662997977
456,Price,39.5994,-110.8107,18.59,22,0,1.54,US,1662997978
457,Kazygurt,41.7589,69.3864,13.68,35,0,2.63,KZ,1662997978
458,Tazovsky,67.4667,78.7,2.65,81,54,4.49,RU,1662997979
459,The Valley,18.217,-63.0578,31.92,74,40,5.14,AI,1662997979
460,San Andrés,12.5847,-81.7006,31.01,74,40,3.6,CO,1662997979
461,Cutervo,-6.379,-78.8157,18.78,51,38,2.14,PE,1662997980
462,Mogadishu,2.0371,45.3438,24.76,86,97,7.93,SO,1662997982
463,Jiangyou,31.7667,104.7167,21.61,86,55,1.61,CN,1662997983
464,Sinnamary,5.3833,-52.95,30.3,62,4,3.57,GF,1662997983
465,Tuta,5.6897,-73.2278,18.47,60,48,0.83,CO,1662997984
466,Saint George,37.1041,-113.5841,25.35,54,75,6.17,US,1662997984
467,Dodge City,37.7528,-100.0171,23.47,53,0,3.58,US,1662997985
468,Mitú,1.1983,-70.1733,27.82,68,94,1.45,CO,1662997986
469,Bozova,37.3625,38.5267,32.51,19,0,5.42,TR,1662997986
470,Dunyapur,29.7995,71.7196,31.54,48,0,2.92,PK,1662997986
471,Sărmaşu,46.75,24.1667,18.87,63,1,4.99,RO,1662997986
472,Pontes e Lacerda,-15.2261,-59.3353,37.87,23,39,1.81,BR,1662997987
473,Sept-Îles,50.2001,-66.3821,23.29,83,20,1.03,CA,1662997987
474,Morwell,-38.2333,146.4,5.78,77,100,1.04,AU,1662997988
475,Pangnirtung,66.1451,-65.7125,8.0,93,100,1.03,CA,1662997988
476,Kolokani,13.5728,-8.0339,31.6,53,70,2.07,ML,1662997724
477,Yangi Marg`ilon,40.4272,71.7189,13.4,88,75,2.06,UZ,1662997988
478,Mattoon,39.4831,-88.3728,19.69,47,62,6.16,US,1662997989
479,Souillac,-20.5167,57.5167,22.21,73,75,2.57,MU,1662997989
480,Sisimiut,66.9395,-53.6735,6.28,91,100,9.38,GL,1662997989
481,Dakar,14.6937,-17.4441,31.49,68,88,1.79,SN,1662997930
482,San Lorenzo,-25.3333,-57.5333,19.77,49,75,3.6,PY,1662997990
483,Jacareacanga,-6.2222,-57.7528,40.36,20,27,1.19,BR,1662997990
484,Plettenberg Bay,-34.0527,23.3716,12.98,67,4,3.73,ZA,1662997991
485,Banda Aceh,5.5577,95.3222,26.5,78,88,2.18,ID,1662997992
486,Neuquén,-38.9516,-68.0591,14.94,38,0,2.57,AR,1662997992
487,Pālampur,32.1167,76.5333,20.42,78,21,2.08,IN,1662997992
488,Cassilândia,-19.1133,-51.7342,37.53,15,8,3.04,BR,1662997993
489,Rota,36.6224,-6.3586,25.05,100,40,4.12,ES,1662997994
490,Buguda,19.8167,84.8,25.97,85,100,1.82,IN,1662997995
491,Punta de Bombón,-17.1717,-71.7931,16.19,77,95,4.58,PE,1662997996
492,Sabang,5.8933,95.3214,28.08,71,99,4.2,ID,1662997997
493,Maniitsoq,65.4167,-52.9,5.12,96,100,8.33,GL,1662997997
494,Tocopilla,-22.092,-70.1979,17.46,68,33,4.05,CL,1662997998
495,Dudinka,69.4058,86.1778,2.57,89,100,3.14,RU,1662997998
496,Çan,40.0333,27.0524,23.11,45,11,2.25,TR,1662997999
497,Husavik,66.0449,-17.3389,13.7,54,48,1.36,IS,1662998000
498,Jos,9.9167,8.9,24.4,73,56,0.69,NG,1662997717
499,Hualmay,-11.0964,-77.6139,17.63,73,77,4.64,PE,1662998000
500,Bonavista,48.6499,-53.1147,14.5,98,100,7.81,CA,1662998001
501,Turaif,31.6725,38.6637,36.14,17,0,5.14,SA,1662998001
502,Port Augusta,-32.5,137.7667,10.34,77,3,2.9,AU,1662998001
503,Shenkursk,62.1091,42.896,10.6,71,90,2.23,RU,1662998003
504,Hūn,29.1268,15.9477,36.19,20,0,6.26,LY,1662998004
505,Mount Isa,-20.7333,139.5,20.87,43,0,4.63,AU,1662998004
506,Freeport,40.6576,-73.5832,25.7,79,99,2.24,US,1662998005
507,Lundazi,-12.2929,33.1782,24.51,32,4,5.95,ZM,1662998005
508,Ahipara,-35.1667,173.1667,13.52,82,97,4.82,NZ,1662998005
509,Nadvoitsy,63.8667,34.3167,11.34,72,100,2.82,RU,1662998006
510,Karasjok,69.4719,25.5112,6.29,63,94,2.09,NO,1662998006
511,Vestmannaeyjar,63.4427,-20.2734,11.55,87,75,4.12,IS,1662998007
512,Opuwo,-18.0607,13.84,32.38,8,8,3.65,NA,1662998008
513,Baykit,61.67,96.37,6.51,95,100,2.53,RU,1662998009
514,Zlynka,52.4267,31.7378,13.12,79,99,2.14,RU,1662998009
515,Ati,13.2154,18.3353,35.56,37,100,0.19,TD,1662998009
516,Arrondissement de Montbrison,45.6667,4.0833,31.19,28,25,3.98,FR,1662998010
517,Imeni Poliny Osipenko,52.4201,136.4853,5.08,97,100,7.49,RU,1662998010
518,Gannan,47.9147,123.5031,10.49,69,47,1.81,CN,1662998011
519,Stepnyak,52.8339,70.7803,8.38,66,68,1.28,KZ,1662998013
520,Borogontsy,62.6683,131.1683,2.63,97,94,2.86,RU,1662998013
521,Nokaneng,-19.6667,22.2667,30.62,6,0,3.0,BW,1662998014
522,São João da Barra,-21.6403,-41.0511,23.05,70,95,3.91,BR,1662998014
523,Timrå,62.487,17.3257,16.49,82,0,3.6,SE,1662998015
524,Totoral,-17.4053,-70.365,21.64,23,29,4.85,PE,1662998015
525,Ayan,56.45,138.1667,9.28,67,100,1.95,RU,1662998015
526,Kribi,2.95,9.9167,25.8,81,60,5.32,CM,1662998015
527,Botucatu,-22.8858,-48.445,27.76,36,50,2.44,BR,1662998016
528,Levice,48.2156,18.6071,20.83,46,13,4.71,SK,1662998016
529,Olinda,-8.0089,-34.8553,26.85,65,20,5.14,BR,1662998017
530,Pustoshka,56.3355,29.369,8.59,98,100,2.35,RU,1662998018
531,Waspán,14.7419,-83.9717,31.43,63,84,1.11,NI,1662998018
532,Cottbus,51.7667,14.3333,20.54,60,98,0.49,DE,1662998018
533,Yinchuan,38.4681,106.2731,22.37,36,14,5.87,CN,1662998018
534,Waipawa,-41.4122,175.5153,10.39,63,6,9.32,NZ,1662998018
535,Oranjemund,-28.55,16.4333,14.28,66,0,10.43,NA,1662998019
536,Qiongshan,20.0058,110.3542,25.99,94,0,2.0,CN,1662998020
537,Mutoko,-17.397,32.2268,23.62,22,3,4.18,ZW,1662998021
538,Barra Patuca,15.8,-84.2833,29.55,70,95,1.49,HN,1662998021
539,Saint-Pierre,-21.3393,55.4781,20.82,73,100,4.12,RE,1662998022
540,Hashtgerd,35.9642,50.6858,25.91,29,0,2.19,IR,1662998023
541,Champerico,14.3,-91.9167,28.3,75,100,1.81,GT,1662998023
542,Kedrovyy,56.1667,91.8167,6.23,96,98,4.21,RU,1662998023
543,Santiago del Estero,-27.7951,-64.2615,24.53,16,0,1.5,AR,1662998024
544,Rafai,4.95,23.9167,22.02,97,89,1.5,CF,1662998024
545,Usol'ye,59.4268,56.6808,6.22,84,17,1.15,RU,1662998025
546,Irpa Irpa,-17.7167,-66.2667,25.0,15,37,2.46,BO,1662998025
547,Okrika,4.7416,7.0849,26.18,78,90,5.11,NG,1662998025
548,Mosetse,-20.75,26.65,28.82,7,0,1.77,BW,1662998026
549,Zhigansk,66.7697,123.3711,3.83,98,100,6.29,RU,1662998026
550,Xunchang,28.4543,104.715,22.39,86,55,1.32,CN,1662998026
551,Labuan,5.2767,115.2417,26.2,94,20,0.0,MY,1662998027
552,Jiangkou,25.4872,119.1986,25.4,71,7,1.67,CN,1662998027
553,São Desidério,-12.3633,-44.9733,37.87,12,10,1.05,BR,1662998027
554,Minuri,16.535,121.8574,24.22,90,99,0.57,PH,1662998028
555,Batagay-Alyta,67.8006,130.4114,-1.19,81,94,1.24,RU,1662998029
556,Boddam,57.4667,-1.7833,16.91,69,75,8.37,GB,1662998029
557,College,64.8569,-147.8028,8.66,85,75,3.6,US,1662998031
558,Voh,-20.9667,164.7,21.99,93,96,1.75,NC,1662998032
559,Tobol,52.6844,62.5794,10.47,61,99,1.33,KZ,1662998032
560,Labuhan,-6.8844,112.2051,26.77,75,14,3.28,ID,1662998032
561,Asău,46.4333,26.4,14.6,71,26,0.78,RO,1662998033
562,Shaping,22.7545,112.9565,28.52,51,21,1.32,CN,1662998033
563,Irati,-25.4672,-50.6511,17.08,84,100,0.16,BR,1662998033
564,Dustlik,40.5247,68.0358,15.31,30,0,4.02,UZ,1662998034
565,Skibbereen,51.55,-9.2667,20.06,88,100,5.08,IE,1662998034
566,Abu Kamal,34.4506,40.9171,34.62,15,0,1.54,SY,1662998035
567,Dromolaxia,34.8761,33.586,31.58,70,20,6.69,CY,1662998035
